{
  "GET - Status 200" : {
    "transaction" : "GET - Status 200",
    "sampleCount" : 136,
    "errorCount" : 0,
    "errorPct" : 0.0,
    "meanResTime" : 1091.7352941176466,
    "medianResTime" : 775.0,
    "minResTime" : 135.0,
    "maxResTime" : 4164.0,
    "pct1ResTime" : 2571.2,
    "pct2ResTime" : 3004.0000000000005,
    "pct3ResTime" : 4044.8599999999988,
    "throughput" : 6.259780907668231,
    "receivedKBytesPerSec" : 1.442683881064163,
    "sentKBytesPerSec" : 0.7702464788732395
  },
  "GET - Informaci칩n b치sica" : {
    "transaction" : "GET - Informaci칩n b치sica",
    "sampleCount" : 151,
    "errorCount" : 2,
    "errorPct" : 1.3245033,
    "meanResTime" : 1594.6953642384105,
    "medianResTime" : 1367.0,
    "minResTime" : 544.0,
    "maxResTime" : 5190.0,
    "pct1ResTime" : 2986.2000000000007,
    "pct2ResTime" : 3819.2000000000003,
    "pct3ResTime" : 5112.519999999999,
    "throughput" : 6.99235934244038,
    "receivedKBytesPerSec" : 3.3469028565640198,
    "sentKBytesPerSec" : 0.8125886345218801
  },
  "GET - Status 404" : {
    "transaction" : "GET - Status 404",
    "sampleCount" : 126,
    "errorCount" : 3,
    "errorPct" : 2.3809524,
    "meanResTime" : 1033.8730158730157,
    "medianResTime" : 677.0,
    "minResTime" : 135.0,
    "maxResTime" : 4191.0,
    "pct1ResTime" : 2486.5,
    "pct2ResTime" : 2874.299999999999,
    "pct3ResTime" : 4066.530000000002,
    "throughput" : 6.2020082693443594,
    "receivedKBytesPerSec" : 1.4766686355581808,
    "sentKBytesPerSec" : 0.7631377362669818
  },
  "GET - Delay 1s" : {
    "transaction" : "GET - Delay 1s",
    "sampleCount" : 117,
    "errorCount" : 0,
    "errorPct" : 0.0,
    "meanResTime" : 2418.4444444444434,
    "medianResTime" : 2216.0,
    "minResTime" : 1136.0,
    "maxResTime" : 7292.0,
    "pct1ResTime" : 3866.0,
    "pct2ResTime" : 4374.299999999997,
    "pct3ResTime" : 7015.339999999989,
    "throughput" : 5.873199136589529,
    "receivedKBytesPerSec" : 3.1144014952813617,
    "sentKBytesPerSec" : 0.7054721619145625
  },
  "Total" : {
    "transaction" : "Total",
    "sampleCount" : 530,
    "errorCount" : 5,
    "errorPct" : 0.9433962,
    "meanResTime" : 1514.1528301886792,
    "medianResTime" : 1278.0,
    "minResTime" : 135.0,
    "maxResTime" : 7292.0,
    "pct1ResTime" : 3050.5000000000014,
    "pct2ResTime" : 3742.1,
    "pct3ResTime" : 5143.809999999991,
    "throughput" : 22.90802213001383,
    "receivedKBytesPerSec" : 8.45704138031639,
    "sentKBytesPerSec" : 2.7593293460408024
  }
}